questions_ids,questions,answers,answers_ids,summaries,summaries_scores
4,Are algorithms really biased against people of colour,"Safiya U. Noble's work, particularly her book ""Algorithms of Oppression,"" sheds light on how algorithms exhibit bias against people of color. She emphasizes that this bias is embedded within seemingly neutral search engines, highlighting the generation and perpetuation of racism, especially anti-blackness, through the internet. Even though companies like Google contend that its search algorithm only reflects online content availability, Noble points out Google's monopoly and the opacity of its algorithm, which produces results whose inner workings are not transparent to users.",A2,"['""Algorithms of Oppression"" is a book by Safiya U. Noble that explores how search engines like Google can reinforce and perpetuate biases, especially against marginalized communities.', 'Algorithmic bias is a widespread concern, not limited to search engines, and can manifest in various technological applications, including hiring processes and criminal justice systems.', 'Safiya U. Noble\'s research, exemplified in her book ""Algorithms of Oppression,"" highlights how algorithms, particularly those in search engines like Google, can exhibit bias against people of color.']","[0, 0, 1]"
3,Can social security be fixed?,"Yes, social security can be fixed through various proposed methods. Peter A. Diamond and Peter R. Orszag suggest stabilizing Social Security through tax and spending adjustments, ending borrowing from payroll taxes, increasing dedicated revenues, and gradually making changes such as raising the retirement age, increasing the income ceiling subject to FICA taxes, and modestly raising the FICA tax rate. Additionally, there is an alternative solution involves lifting the income ceiling on which Social Security taxes are applied.",A2,"[""The income ceiling, also known as the Social Security wage base, is the maximum amount of an individual's income that is subject to Social Security taxes."", 'Social Security can be fixed through methods such as tax and spending adjustments, raising the retirement age, and increasing the income ceiling subject to FICA taxes.', ""Means testing is a concept where Social Security benefits are adjusted based on an individual's financial means.""]","[0, 1, 0]"
5,What effects did the Watergate scandal have on President Nixon's legacy?,"The Watergate scandal had a profoundly negative impact on President Nixon's legacy. It tarnished his reputation as a corrupt politician, making him a symbol of political scandal and misconduct in both American politics and popular culture. Nixon's resignation and the scandal's fallout reinforced public skepticism and criticism of the presidency, leaving a lasting impression as one of the most Shakespearean and disgraceful episodes in presidential history.",A3,"["" The Watergate scandal severely damaged President Nixon's legacy, turning him into a symbol of political scandal and misconduct, and contributing to public skepticism about the presidency."", 'One key element of the Watergate scandal was the existence of secret White House tape recordings.', 'Following his resignation, Nixon was pardoned by his successor, President Gerald Ford, which spared him from potential legal consequences related to the Watergate scandal.']","[1, 0, 0]"
2,What was the US reaction to the Black Lives Matter movement?,"The U.S. reaction to the Black Lives Matter movement has been mixed. On one hand, there has been support for the movement's goals of addressing police brutality and racial injustice. However, there has also been criticism and pushback, leading to initiatives like the ""Blue Lives Matter"" movement which is a response to perceived anti-police rhetoric associated with Black Lives Matter. ",A1,"['The phrase ""Black Lives Matter"" was popularized on social media through the use of the hashtag BlackLivesMatter.', 'Debates around freedom of speech and protests have emerged, highlighting the complexities of addressing these issues in a diverse society.', 'The U.S. response to the Black Lives Matter movement has been both supportive and critical, resulting in initiatives like ""Blue Lives Matter.']","[0, 0, 1]"
8,What is Marvel Studios’ approach to diversity for people of color?,"Marvel Studios has demonstrated a commitment to diversity for people of color, particularly during Phase Three, with groundbreaking films like 'Black Panther' and 'Captain Marvel.' Kevin Feige, Marvel's CEO, expressed a dedication to creating stories that resonate globally and hinted at the inclusion of a Latino superhero in Phase Four. Moreover, Phase Four promises to introduce more diverse characters and casts, addressing past criticisms about representation in the MCU.",A3,"['Marvel has a range of Latino superheroes in its comics, such as Miles Morales (Spider-Man) and America Chavez, who fans hope to see in future MCU adaptations.', '""Black Panther"" not only broke box office records but also became a cultural phenomenon reinforcing the importance of diverse representation in superhero movies.', ""Marvel Studios, particularly during Phase Three, showed dedication to diversity for people of color through groundbreaking films like 'Black Panther'.""]","[0, 0, 1]"
6,Do you think social media might play a role in my son's low self-esteem?,"Yes, social media can indeed play a role in your son's low self-esteem. The constant exposure to idealized images and lifestyles on social media can lead teenagers to question their own identity and strive for unrealistic standards of perfection. This pressure to conform to social media-defined ideals can contribute to feelings of insecurity and even depression, affecting their self-esteem and well-being.",A3,"['Social media platforms can be breeding grounds for cyberbullying, which can have severe psychological effects on young individuals.', 'The constant exposure to idealized images and lifestyles on social media can lead teenagers to question their own identity and strive for unrealistic standards of perfection.', 'Research has shown that excessive use of social media, especially by teenagers, is associated with higher rates of depression, anxiety, and loneliness.']","[0, 1, 0]"
1,What do other philosophers think about Bostrom's 'simulation argument'?,"Philosophers have offered diverse perspectives on Nick Bostrom's 'simulation argument.' Some have raised concerns about the potential for recursive simulations, where the beings running the simulation could themselves be part of a simulation, leading to an infinite regress. Others, like Preston Greene, have suggested that discovering we are in a simulation might have unforeseen consequences, possibly ending the simulation itself. Additionally, philosophical and religious implications have been explored by various thinkers, including Bostrom, Jean Baudrillard, and Iurii Vovchenko, concerning how a simulated reality might impact human life and our understanding of existence.",A1,"[""Philosophers have debated Bostrom's simulation argument, discussing concerns about recursive simulations and potential consequences."", 'The concept of simulated reality has been a topic of interest in popular culture, with movies like ""The Matrix"" exploring similar themes. ', 'Advancements in technology, like virtual reality, continue to blur the lines between real and simulated experiences.']","[1, 0, 0]"
10,That’s interesting. Tell me more about how climate change affects developing countries.,"Climate change has a devastating impact on both the health and economies of developing countries. It leads to an estimated 400,000 deaths per year in these nations, primarily due to hunger and communicable diseases, with the most severe effects felt by the world's poorest countries. Additionally, climate change results in significant economic burdens, causing an average GDP loss of 7% in Least Developed Countries in 2010 due to reduced labor productivity which underscores the critical issue of climate justice and the disproportionate impact of climate change on vulnerable nations.",A1,"['Climate change disproportionately affects developing countries, leading to significant health consequences, including hunger-related deaths, and causing economic burdens, such as reduced GDP.', 'Climate change exacerbates food insecurity in vulnerable nations, leading to malnutrition and posing additional health risks.', 'Many developing countries are experiencing climate-induced migration as people seek refuge from the impacts of climate change, including droughts, floods, and extreme weather events.']","[1, 0, 0]"
9,What are the pros and cons of GMO food labeling?,"The pros of GMO food labeling, include providing consumers with the information necessary for informed choices, preventing potential consumer confusion, and facilitating the recall of products in the event of adverse health or environmental effects. Even though food labelling may lead to increased costs, it can still enhance transparency in the food supply chain and empower consumers to make decisions aligned with their preferences and concerns regarding genetically modified organisms. ",A2,"['GMO food labeling pros involve informed consumer choices, preventing confusion, and enabling product recalls in case of issues, despite potential increased costs.', 'Consumer preferences for GMO labeling vary, with some actively seeking non-GMO products, while others prioritize cost and availability over GMO status.', 'Labeling regulations for GMOs vary worldwide, with some countries requiring detailed information, while others have more lenient requirements or none at all.']","[1, 0, 0]"
7,What do users of social networks get in return for by giving up their privacy?,"Users of social networks receive personalized recommendations and benefits in exchange for sharing their personal information. Social networking platforms use the data they collect to provide tailored recommendations for individuals, businesses, and enterprises. However, individuals can choose to protect their privacy by selectively disclosing personal information and being cautious about what they share online. This controlled disclosure allows users to balance privacy concerns with the convenience of using social networks.",A1,"['Social media companies often generate significant revenue from user data by selling it to advertisers, raising concerns about how user information is used for targeted advertising.', 'Social networking platforms use user data to offer personalized recommendations and benefits, but individuals can protect their privacy by selectively sharing personal information online.', 'Data privacy issues related to social media came into the spotlight with scandals like the Facebook-Cambridge Analytica data breach, which raised questions about the extent of personal data collection by social networks.']","[0, 1, 0]"
