,answer_conditions,satisfaction,familiarity with the topic,unfamiliarity with the topic,presence of source,source credibility,lack of source,invalid source,factual correctness,recognized hallucinated facts,complete information,missing information/incomplete information,agreement with the answer,disagreement with the answer,coherence/fluency/naturalness/logical/detailed,usefulness,bias/subjectivity
0,A1,1,0,0,1,0,0,0,0,0,0,4,0,0,0,0,1
1,A1,2,0,1,3,2,0,0,1,0,0,9,0,1,0,0,5
2,A1,3,0,5,6,0,0,2,4,0,6,10,2,1,5,0,2
3,A1,4,6,4,9,5,0,2,8,1,13,0,6,1,14,1,0
4,A2,1,0,0,0,0,0,0,0,0,0,0,0,1,0,0,0
5,A2,2,0,1,0,0,1,0,0,0,0,7,0,0,0,0,0
6,A2,3,3,2,1,0,6,0,6,0,1,19,1,2,6,0,2
7,A2,4,7,4,1,0,1,0,12,0,13,1,8,1,12,2,0
8,A3,1,0,0,0,0,0,0,0,1,0,1,0,1,0,0,0
9,A3,2,2,1,2,1,0,1,1,0,0,13,0,2,1,1,1
10,A3,3,1,5,3,0,1,2,5,1,2,6,0,1,4,0,2
11,A3,4,2,5,10,5,0,1,15,0,9,0,4,0,19,4,2
12,A4,1,2,0,0,0,0,0,0,3,0,3,0,0,0,0,0
13,A4,2,1,1,0,0,1,0,1,3,0,7,0,0,1,0,1
14,A4,3,1,10,0,0,3,0,7,2,3,12,3,1,2,2,1
15,A4,4,5,5,0,0,1,0,11,0,8,1,3,0,9,1,0
